{"cameraMode":{"drawMode":0,"name":"Shaded","section":"Shading Mode"},"sceneLighting":false,"audioPlay":false,"sceneViewState":{"showFog":true,"showMaterialUpdate":false,"showSkybox":true,"showFlares":true,"showImageEffects":true,"showParticleSystems":true},"in2DMode":false,"pivot":{"x":-0.6811440587043762,"y":-0.10724496841430664,"z":0.665599524974823},"rotation":{"x":-0.4952588677406311,"y":-0.33662503957748415,"z":0.21619662642478944,"w":-0.7711495757102966},"size":2.4134416580200197,"orthographic":false}