{"cameraMode":{"drawMode":0,"name":"Shaded","section":"Shading Mode"},"sceneLighting":false,"audioPlay":false,"sceneViewState":{"showFog":true,"showMaterialUpdate":false,"showSkybox":true,"showFlares":true,"showImageEffects":true,"showParticleSystems":true},"in2DMode":false,"pivot":{"x":0.0007228851318359375,"y":6.69523811340332,"z":0.6420555114746094},"rotation":{"x":-0.3972422778606415,"y":-0.4614894688129425,"z":0.28789961338043215,"w":-0.7391631007194519},"size":120.67208099365235,"orthographic":false}