{"cameraMode":{"drawMode":0,"name":"Shaded","section":"Shading Mode"},"sceneLighting":false,"audioPlay":false,"sceneViewState":{"showFog":true,"showMaterialUpdate":false,"showSkybox":true,"showFlares":true,"showImageEffects":true,"showParticleSystems":true},"in2DMode":false,"pivot":{"x":-0.02999955415725708,"y":-5.960464477539063e-7,"z":0.5299949645996094},"rotation":{"x":-0.07870376855134964,"y":0.9419668316841126,"z":-0.28683966398239138,"w":-0.15575526654720307},"size":17.912429809570314,"orthographic":false}