{"cameraMode":{"drawMode":0,"name":"Shaded","section":"Shading Mode"},"sceneLighting":false,"audioPlay":false,"sceneViewState":{"showFog":true,"showMaterialUpdate":false,"showSkybox":true,"showFlares":true,"showImageEffects":true,"showParticleSystems":true},"in2DMode":false,"pivot":{"x":-15.252762794494629,"y":5.914473056793213,"z":22.086488723754884},"rotation":{"x":-0.39767029881477358,"y":-0.3015643060207367,"z":0.17608386278152467,"w":-0.8484876751899719},"size":72.71833801269531,"orthographic":false}