{"cameraMode":{"drawMode":0,"name":"Shaded","section":"Shading Mode"},"sceneLighting":false,"audioPlay":false,"sceneViewState":{"showFog":true,"showMaterialUpdate":false,"showSkybox":true,"showFlares":true,"showImageEffects":true,"showParticleSystems":true},"in2DMode":false,"pivot":{"x":4.460587024688721,"y":-3.600497245788574,"z":-1.624959945678711},"rotation":{"x":-0.23626956343650819,"y":-0.6944754719734192,"z":0.3239418566226959,"w":-0.5974730849266052},"size":23.326644897460939,"orthographic":false}