{"cameraMode":{"drawMode":0,"name":"Shaded","section":"Shading Mode"},"sceneLighting":false,"audioPlay":false,"sceneViewState":{"showFog":true,"showMaterialUpdate":false,"showSkybox":true,"showFlares":true,"showImageEffects":true,"showParticleSystems":true},"in2DMode":false,"pivot":{"x":-1.826420545578003,"y":-0.23304763436317445,"z":4.077007293701172},"rotation":{"x":-0.3096103370189667,"y":-0.5746336579322815,"z":0.2976990342140198,"w":-0.6966572403907776},"size":1.2067205905914307,"orthographic":false}