{"cameraMode":{"drawMode":0,"name":"Shaded","section":"Shading Mode"},"sceneLighting":false,"audioPlay":false,"sceneViewState":{"showFog":true,"showMaterialUpdate":false,"showSkybox":true,"showFlares":true,"showImageEffects":true,"showParticleSystems":true},"in2DMode":false,"pivot":{"x":-0.8128410577774048,"y":-0.16609525680541993,"z":0.6000145077705383},"rotation":{"x":-0.5245908498764038,"y":-0.3114315867424011,"z":0.2141641229391098,"w":-0.7628622651100159},"size":2.4134416580200197,"orthographic":false}