{"cameraMode":{"drawMode":0,"name":"Shaded","section":"Shading Mode"},"sceneLighting":false,"audioPlay":false,"sceneViewState":{"showFog":false,"showMaterialUpdate":false,"showSkybox":false,"showFlares":false,"showImageEffects":false,"showParticleSystems":true},"in2DMode":false,"pivot":{"x":3.27559757232666,"y":-6.99141788482666,"z":-4.436369895935059},"rotation":{"x":0.15437611937522889,"y":0.8437595367431641,"z":-0.39362314343452456,"w":0.3309311866760254},"size":14.000021934509278,"orthographic":false}