{"cameraMode":{"drawMode":0,"name":"Shaded","section":"Shading Mode"},"sceneLighting":true,"audioPlay":false,"sceneViewState":{"showFog":true,"showMaterialUpdate":true,"showSkybox":true,"showFlares":true,"showImageEffects":true,"showParticleSystems":true},"in2DMode":false,"pivot":{"x":-38.44202423095703,"y":-28.602413177490236,"z":-19.989538192749025},"rotation":{"x":-0.14309634268283845,"y":0.8313035368919373,"z":-0.2503363788127899,"w":-0.47518524527549746},"size":61.05029296875,"orthographic":false}