{"cameraMode":{"drawMode":0,"name":"Shaded","section":"Shading Mode"},"sceneLighting":false,"audioPlay":false,"sceneViewState":{"showFog":true,"showMaterialUpdate":true,"showSkybox":true,"showFlares":true,"showImageEffects":true,"showParticleSystems":true},"in2DMode":false,"pivot":{"x":0.00024127960205078125,"y":2.231745958328247,"z":0.2140188217163086},"rotation":{"x":0.16129310429096223,"y":0.011233841069042683,"z":-0.0017719923052936793,"w":0.9869067072868347},"size":40.224021911621097,"orthographic":false}