{"cameraMode":{"drawMode":0,"name":"Shaded","section":"Shading Mode"},"sceneLighting":false,"audioPlay":false,"sceneViewState":{"showFog":true,"showMaterialUpdate":true,"showSkybox":true,"showFlares":true,"showImageEffects":true,"showParticleSystems":true},"in2DMode":false,"pivot":{"x":-1.941646695137024,"y":-0.11745768785476685,"z":4.318270683288574},"rotation":{"x":-0.43108931183815,"y":-0.1201014518737793,"z":0.058021947741508487,"w":-0.8924239873886108},"size":2.4067203998565676,"orthographic":false}